{
    "total_registros": 3564,
    "valores_nulos_por_columna": {
        "country": 0,
        "year": 0,
        "region": 0,
        "gym_memberships": 0,
        "fitness_participation_rate": 0,
        "total_health_club_revenue_usd": 0,
        "number_of_gyms": 0,
        "gym_penetration_rate": 0,
        "urban_population_percentage": 0,
        "obesity_rate": 0,
        "gdp_per_capita_usd": 0,
        "population_total": 0,
        "average_membership_cost_usd": 0,
        "insufficient_physical_activity_pct": 0
    },
    "resumen_estadistico": {
        "year": {
            "count": 3564.0,
            "mean": 2013.0,
            "std": 7.789973909885669,
            "min": 2000.0,
            "25%": 2006.0,
            "50%": 2013.0,
            "75%": 2020.0,
            "max": 2026.0
        },
        "gym_memberships": {
            "count": 3564.0,
            "mean": 2376141.8675645343,
            "std": 7129729.730637578,
            "min": 2051.0,
            "25%": 162852.75,
            "50%": 510888.0,
            "75%": 1560638.25,
            "max": 102788066.0
        },
        "fitness_participation_rate": {
            "count": 3564.0,
            "mean": 0.39789169472502806,
            "std": 0.087344866807121,
            "min": 0.2047,
            "25%": 0.3331,
            "50%": 0.3999,
            "75%": 0.45375,
            "max": 0.6758
        },
        "total_health_club_revenue_usd": {
            "count": 3564.0,
            "mean": 603403955.4767115,
            "std": 2981055668.5202336,
            "min": 164875.0,
            "25%": 15331290.5,
            "50%": 55688245.0,
            "75%": 273764086.0,
            "max": 84861827506.0
        },
        "number_of_gyms": {
            "count": 3564.0,
            "mean": 2076.547138047138,
            "std": 5227.710071955999,
            "min": 3.0,
            "25%": 205.0,
            "50%": 556.0,
            "75%": 1580.75,
            "max": 62233.0
        },
        "gym_penetration_rate": {
            "count": 3564.0,
            "mean": 0.06721304713804714,
            "std": 0.05798427589682639,
            "min": 0.0023,
            "25%": 0.0196,
            "50%": 0.0522,
            "75%": 0.0995,
            "max": 0.3022
        },
        "urban_population_percentage": {
            "count": 3564.0,
            "mean": 0.6100072109988777,
            "std": 0.21907149677070134,
            "min": 0.1164,
            "25%": 0.463475,
            "50%": 0.63395,
            "75%": 0.7841750000000001,
            "max": 1.0
        },
        "obesity_rate": {
            "count": 3564.0,
            "mean": 0.18789186307519642,
            "std": 0.10470154946731108,
            "min": 0.0028,
            "25%": 0.102975,
            "50%": 0.1961,
            "75%": 0.2594,
            "max": 0.6124
        },
        "gdp_per_capita_usd": {
            "count": 3564.0,
            "mean": 15615.268427104376,
            "std": 21272.3896708646,
            "min": 109.5938,
            "25%": 2011.0575,
            "50%": 5830.2126499999995,
            "75%": 21455.622900000002,
            "max": 137781.6817
        },
        "population_total": {
            "count": 3564.0,
            "mean": 51855357.84343434,
            "std": 165786028.07723096,
            "min": 181685.0,
            "25%": 4467102.5,
            "50%": 12103493.5,
            "75%": 38031099.0,
            "max": 1450935791.0
        },
        "average_membership_cost_usd": {
            "count": 3564.0,
            "mean": 14.371562850729518,
            "std": 14.064816251454541,
            "min": 5.0,
            "25%": 5.06,
            "50%": 8.055,
            "75%": 17.7925,
            "max": 90.92
        },
        "insufficient_physical_activity_pct": {
            "count": 3564.0,
            "mean": 0.2720705667789001,
            "std": 0.11844361503158353,
            "min": 0.027,
            "25%": 0.188,
            "50%": 0.2501,
            "75%": 0.34502499999999997,
            "max": 0.6614
        }
    }
}